{"temperature": 13.594768039763583, "humidity": 50, "wind_speed": 3.8238869606533763}